run,green,yellow,greenGPC,yellowGPC
0,73.89,60.06999999999999,74.09,59.370000000000005
1,71.8,61.21000000000001,71.7,61.02
2,65.96000000000001,59.34,66.17,59.44
3,64.37,61.550000000000004,63.730000000000004,60.7
4,62.87,61.760000000000005,63.83,58.849999999999994
5,63.150000000000006,62.629999999999995,63.470000000000006,0.0
6,0.0,0.0,0.0,0.0
7,0.0,0.0,0.0,0.0
8,0.0,0.0,0.0,0.0
9,0.0,0.0,0.0,0.0
