run,nedd,lowerRouterStall,fewerSwitch,random,antinedd
0.0,114.856606,313.068276,166.095096,364.344087,302.471736
1.0,137.879783,275.27055,270.495195,313.248061,-1.0
