run,nedd,lowerRouterStall,fewerSwitch,random,antinedd
0.0,146.648739,208.376795,285.151197,297.052906,293.883681
1.0,120.824716,293.122822,123.051957,171.687259,224.632894
